{
  "filename": "auto-be-belgië-francais.json",
  "name": "Abbreviations: België legal (francais)",
  "version": 1,
  "xdata": {
    "default": {
      "place": {
        "BE": "Belgium",
        "BE:ANTWERPEN": "Antwerp",
        "BE:ANTWERPEN:ANTWERPEN": "Antwerp",
        "BE:ANTWERPEN:ANTWERPEN:ARENDONK": "Arendonk",
        "BE:ANTWERPEN:ANTWERPEN:BOOM": "Boom",
        "BE:ANTWERPEN:ANTWERPEN:BRASSCHAAT": "Brasschaat",
        "BE:ANTWERPEN:ANTWERPEN:GEEL": "Geel",
        "BE:ANTWERPEN:ANTWERPEN:HEIST.OP.DEN.BERG": "Heist-op-den-Berg",
        "BE:ANTWERPEN:ANTWERPEN:HERENTALS": "Herentals",
        "BE:ANTWERPEN:ANTWERPEN:HOOGSTRATEN": "Hoogstraten",
        "BE:ANTWERPEN:ANTWERPEN:KAPELLEN": "Kapellen",
        "BE:ANTWERPEN:ANTWERPEN:KONTICH": "Kontich",
        "BE:ANTWERPEN:ANTWERPEN:LIER": "Lier",
        "BE:ANTWERPEN:ANTWERPEN:MECHELEN": "Mechelen",
        "BE:ANTWERPEN:ANTWERPEN:MOL": "Mol",
        "BE:ANTWERPEN:ANTWERPEN:SCHILDE": "Schilde",
        "BE:ANTWERPEN:ANTWERPEN:TURNHOUT": "Turnhout",
        "BE:ANTWERPEN:ANTWERPEN:WESTERLO": "Westerlo",
        "BE:ANTWERPEN:ANTWERPEN:WILLEBROEK": "Willebroek",
        "BE:ANTWERPEN:ANTWERPEN:ZANDHOVEN": "Zandhoven",
        "BE:ANTWERPEN:LIMBURG:": "Limburg",
        "BE:ANTWERPEN:LIMBURG:BERINGEN": "Beringen",
        "BE:ANTWERPEN:LIMBURG:BILZEN": "Bilzen",
        "BE:ANTWERPEN:LIMBURG:BORGLOON": "Borgloon",
        "BE:ANTWERPEN:LIMBURG:BREE": "Bree",
        "BE:ANTWERPEN:LIMBURG:GENK": "Genk",
        "BE:ANTWERPEN:LIMBURG:HASSELT": "Hasselt",
        "BE:ANTWERPEN:LIMBURG:HOUTHALEN.HELCHTEREN": "Houthalen-Helchteren",
        "BE:ANTWERPEN:LIMBURG:LIMBURG.AUBEL": "Limburg-Aubel",
        "BE:ANTWERPEN:LIMBURG:MAASEIK": "Maaseik",
        "BE:ANTWERPEN:LIMBURG:MAASMECHELEN": "Maasmechelen",
        "BE:ANTWERPEN:LIMBURG:NEERPELT.LOMMEL": "Neerpelt-Lommel",
        "BE:ANTWERPEN:LIMBURG:SINT.TRUIDEN": "Sint-Truiden",
        "BE:ANTWERPEN:LIMBURG:TONGEREN": "Tongeren",
        "BE:ANTWERPEN:LIMBURG:TONGEREN.VOEREN": "Tongeren-Voeren",
        "BE:BERGEN": "Mons",
        "BE:BERGEN:HENEGOUWEN": "Hainault",
        "BE:BERGEN:HENEGOUWEN:AAT.LESSEN": "Aat-Lessen",
        "BE:BERGEN:HENEGOUWEN:BERGEN": "Bergen",
        "BE:BERGEN:HENEGOUWEN:BEAUMONT.CHIMAY.MERBES.LE.CHATEAU": "Beaumont-Chimay-Merbes-le-Château",
        "BE:BERGEN:HENEGOUWEN:BINCHE": "Binche",
        "BE:BERGEN:HENEGOUWEN:BOUSSU": "Boussu",
        "BE:BERGEN:HENEGOUWEN:CHATELET": "Châtelet",
        "BE:BERGEN:HENEGOUWEN:CHARLEROI": "Charleroi",
        "BE:BERGEN:HENEGOUWEN:DOORNIK": "Doornik",
        "BE:BERGEN:HENEGOUWEN:DOUR.COLFONTAINE": "Dour-Colfontaine",
        "BE:BERGEN:HENEGOUWEN:ENGHIEN.LENS": "Enghien-Lens",
        "BE:BERGEN:HENEGOUWEN:FONTAINE.L.EVEQUE": "Fontaine-l'Evêque",
        "BE:BERGEN:HENEGOUWEN:LA.LOUVIÈRE": "La Louvière",
        "BE:BERGEN:HENEGOUWEN:MOESKROEN": "Moeskroen",
        "BE:BERGEN:HENEGOUWEN:MOESKROEN.KOMEN.WAASTEN": "Moeskroen-Komen-Waasten",
        "BE:BERGEN:HENEGOUWEN:PERUWELZ.LEUZE.EN.HAINAUT": "Péruwelz-Leuze en Hainaut",
        "BE:BERGEN:HENEGOUWEN:SENEFFE": "Seneffe",
        "BE:BERGEN:HENEGOUWEN:THUIN": "Thuin",
        "BE:BERGEN:HENEGOUWEN:ZINNIK": "Zinnik",
        "BE:BRUSSEL": "Brussels",
        "BE:BRUSSEL:BRUSSEL": "Brussels",
        "BE:BRUSSEL:BRUSSEL:ANDERLECHT": "Anderlecht",
        "BE:BRUSSEL:BRUSSEL:ELSENE": "Elsene",
        "BE:BRUSSEL:BRUSSEL:ETTERBEEK": "Etterbeek",
        "BE:BRUSSEL:BRUSSEL:JETTE": "Jette",
        "BE:BRUSSEL:BRUSSEL:OUDERGHEM": "Ouderghem",
        "BE:BRUSSEL:BRUSSEL:SCHAARBEEK": "Schaarbeek",
        "BE:BRUSSEL:BRUSSEL:SINT.GILLIS": "Sint-Gillis",
        "BE:BRUSSEL:BRUSSEL:SINT.JANS.MOLENBEEK": "Sint-Jans-Molenbeek",
        "BE:BRUSSEL:BRUSSEL:SINT.JOOST.TEN.NODE": "Sint-Joost-ten-Node",
        "BE:BRUSSEL:BRUSSEL:SINT.PIETERS.WOLUWE": "Sint-Pieters-Woluwe",
        "BE:BRUSSEL:BRUSSEL:UKKEL": "Ukkel",
        "BE:BRUSSEL:BRUSSEL:VORST": "Vorst",
        "BE:BRUSSEL:VLAAMS.BRABANT": "Asse",
        "BE:BRUSSEL:VLAAMS.BRABANT:ASSE": "Asse",
        "BE:BRUSSEL:VLAAMS.BRABANT:AARSCHOT": "Aarschot",
        "BE:BRUSSEL:VLAAMS.BRABANT:DIEST": "Diest",
        "BE:BRUSSEL:VLAAMS.BRABANT:GRIMBERGEN": "Grimbergen",
        "BE:BRUSSEL:VLAAMS.BRABANT:HALLE": "Halle",
        "BE:BRUSSEL:VLAAMS.BRABANT:HAACHT": "Haacht",
        "BE:BRUSSEL:VLAAMS.BRABANT:HERNE.SINT.PIETERS.LEEUW": "Herne-Sint-Pieters-Leeuw",
        "BE:BRUSSEL:VLAAMS.BRABANT:KRAAINEM.SINT.GENESIUS.RODE": "Kraainem-Sint-Genesius-Rode",
        "BE:BRUSSEL:VLAAMS.BRABANT:LANDEN.ZOUTLEEUW": "Landen-Zoutleeuw",
        "BE:BRUSSEL:VLAAMS.BRABANT:LENNIK": "Lennik",
        "BE:BRUSSEL:VLAAMS.BRABANT:LEUVEN": "Leuven",
        "BE:BRUSSEL:VLAAMS.BRABANT:MEISE": "Meise",
        "BE:BRUSSEL:VLAAMS.BRABANT:OVERIJSE.ZAVENTEM": "Overijse-Zaventem",
        "BE:BRUSSEL:VLAAMS.BRABANT:TIENEN": "Tienen",
        "BE:BRUSSEL:VLAAMS.BRABANT:VILVOORDE": "Vilvoorde",
        "BE:BRUSSEL:WAALS.BRABANT": "Waals-Brabant",
        "BE:BRUSSEL:WAALS.BRABANT:GELDENAKEN.PERWIJS": "Geldenaken-Perwijs",
        "BE:BRUSSEL:WAALS.BRABANT:NIJVEL": "Nijvel",
        "BE:BRUSSEL:WAALS.BRABANT:WAVER": "Waver",
        "BE:BRUSSEL:WAALS.BRABANT:EIGENBRAKEL": "Eigenbrakel",
        "BE:BRUSSEL:WAALS.BRABANT:TUBEKE": "Tubeke",
        "BE:GENT": "Ghent",
        "BE:GENT:OOST.VLAANDEREN": "Ghent",
        "BE:GENT:OOST.VLAANDEREN:AALST": "Aalst",
        "BE:GENT:OOST.VLAANDEREN:BEVEREN": "Beveren",
        "BE:GENT:OOST.VLAANDEREN:DENDERMONDE": "Dendermonde",
        "BE:GENT:OOST.VLAANDEREN:DEINZE": "Deinze",
        "BE:GENT:OOST.VLAANDEREN:DENDERMONDE.HAMME": "Dendermonde-Hamme",
        "BE:GENT:OOST.VLAANDEREN:EEKLO": "Eeklo",
        "BE:GENT:OOST.VLAANDEREN:GENT": "Ghent",
        "BE:GENT:OOST.VLAANDEREN:GERAARDSBERGEN.BRAKEL": "Geraardsbergen-Brakel",
        "BE:GENT:OOST.VLAANDEREN:LOKEREN": "Lokeren",
        "BE:GENT:OOST.VLAANDEREN:MERELBEKE": "Merelbeke",
        "BE:GENT:OOST.VLAANDEREN:NINOVE": "Ninove",
        "BE:GENT:OOST.VLAANDEREN:OUDENAARDE.KRUISHOUTEM": "Oudenaarde-Kruishoutem",
        "BE:GENT:OOST.VLAANDEREN:OUDENAARDE": "Oudenaarde",
        "BE:GENT:OOST.VLAANDEREN:RONSE": "Ronse",
        "BE:GENT:OOST.VLAANDEREN:SINT.NIKLAAS": "Sint-Niklaas",
        "BE:GENT:OOST.VLAANDEREN:WETTEREN.ZELE": "Wetteren-Zele",
        "BE:GENT:OOST.VLAANDEREN:ZELZATE": "Zelzate",
        "BE:GENT:OOST.VLAANDEREN:ZOMERGEM": "Zomergem",
        "BE:GENT:OOST.VLAANDEREN:ZOTTEGEM.HERZELE": "Zottegem-Herzele",
        "BE:GENT:WEST.VLAANDEREN": "Ghent",
        "BE:GENT:WEST.VLAANDEREN:BRUGGE": "Brugge",
        "BE:GENT:WEST.VLAANDEREN:DIKSMUIDE": "Diksmuide",
        "BE:GENT:WEST.VLAANDEREN:IEPER": "Ieper",
        "BE:GENT:WEST.VLAANDEREN:HARELBEKE": "Harelbeke",
        "BE:GENT:WEST.VLAANDEREN:IEPER.POPERINGE": "Ieper-Poperinge",
        "BE:GENT:WEST.VLAANDEREN:IZEGEM": "Izegem",
        "BE:GENT:WEST.VLAANDEREN:KORTRIJK": "Kortrijk",
        "BE:GENT:WEST.VLAANDEREN:MENEN": "Menen",
        "BE:GENT:WEST.VLAANDEREN:OOSTENDE": "Oostende",
        "BE:GENT:WEST.VLAANDEREN:ROESELARE": "Roeselare",
        "BE:GENT:WEST.VLAANDEREN:TIELT": "Tielt",
        "BE:GENT:WEST.VLAANDEREN:TORHOUT": "Torhout",
        "BE:GENT:WEST.VLAANDEREN:VEURNE.NIEUWPOORT": "Veurne-Nieuwpoort",
        "BE:GENT:WEST.VLAANDEREN:VEURNE": "Veurne",
        "BE:GENT:WEST.VLAANDEREN:WAREGEM": "Waregem",
        "BE:GENT:WEST.VLAANDEREN:WERVIK": "Wervik",
        "BE:LUIK": "Liege",
        "BE:LUIK:LUIK": "Liege",
        "BE:LUIK:LUIK:BORGWORM": "Borgworm",
        "BE:LUIK:LUIK:EUPEN": "Eupen",
        "BE:LUIK:LUIK:FLERON": "Fléron",
        "BE:LUIK:LUIK:HOEI": "Hoei",
        "BE:LUIK:LUIK:EUPEN:SANKT.VITH": "Sankt-Vith",
        "BE:LUIK:LUIK:GRACE.HOLLOGNE": "Grâce-Hollogne",
        "BE:LUIK:LUIK:HAMOIR": "Hamoir",
        "BE:LUIK:LUIK:HERSTAL": "Herstal",
        "BE:LUIK:LUIK:HOEI.HANNUIT": "Hoei-Hannuit",
        "BE:LUIK:LUIK:MALMEDY.SPA.STAVELOT": "Malmédy-Spa-Stavelot",
        "BE:LUIK:LUIK:SAINT.NICOLAS.LEZ.LIEGE": "Saint-Nicolas-lez-Liège",
        "BE:LUIK:LUIK:SERAING": "Seraing",
        "BE:LUIK:LUIK:SPRIMONT": "Sprimont",
        "BE:LUIK:LUIK:VERVIERS": "Verviers",
        "BE:LUIK:LUIK:WEZET": "Wezet",
        "BE:LUIK:LUXUMBURG": "Luxumbourg",
        "BE:LUIK:LUXUMBURG:AARLEN": "Aarlen",
        "BE:LUIK:LUXUMBURG:AARLEN.MESSANCY": "Aarlen-Messancy",
        "BE:LUIK:LUXUMBURG:BASTENAKEN.NEUFCHATEAU": "Bastenaken-Neufchâteau",
        "BE:LUIK:LUXUMBURG:MARCHE.EN.FAMENNE": "Marche-en-Famenne",
        "BE:LUIK:LUXUMBURG:MARCHE.EN.FAMENNE.DURBUY": "Marche-en-Famenne-Durbuy",
        "BE:LUIK:LUXUMBURG:NEUFCHATEAU": "Neufchâteau",
        "BE:LUIK:LUXUMBURG:SAINT.HUBERT.BOUILLON.PALISEUL": "Saint-Hubert-Bouillon-Paliseul",
        "BE:LUIK:LUXUMBURG:VIELSALM.LA ROCHE.EN.ARDENNE.HOUFFALIZE": "Vielsalm-La Roche en Ardenne-Houffalize",
        "BE:LUIK:LUXUMBURG:VIRTON.FLORENVILLE.ETALLE": "Virton-Florenville-Etalle",
        "BE:LUIK:NAMEN": "Namen",
        "BE:LUIK:NAMEN:ANDENNE": "Andenne",
        "BE:LUIK:NAMEN:BEAURAING.DINANT.GEDINNE": "Beauraing-Dinant-Gedinne",
        "BE:LUIK:NAMEN:CINEY.ROCHEFORT": "Ciney-Rochefort",
        "BE:LUIK:NAMEN:DINANT": "Dinant",
        "BE:LUIK:NAMEN:FOSSES.LA.VILLE": "Fosses-la-Ville",
        "BE:LUIK:NAMEN:GEMBLOUX.EGHEZEE": "Gembloux-Eghezée",
        "BE:LUIK:NAMEN:NAMEN": "Namen",
        "BE:LUIK:NAMEN:PHILIPPEVILLE.COUVIN": "Philippeville-Couvin",
        "BE:LUIK:NAMEN:WALCOURT.FLORENNES": "Walcourt-Florennes"
      }
    },
    "be": {
      "institution-part": {
        "sc": "Cass.",
        "cs": "RvS",
        "bma": "BMA",
        "permitc": "RvVb",
        "electionc": "R.Verkb.",
        "migc": "RvV",
        "educ": "R.Stvb",
        "mc": "Kr.",
        "milc": "Mil.Ger.",
        "const": "GwH",
        "envc": "MHHC"
      }
    },
    "be:antwerpen": {
      "institution-part": {
        "lca": "Arbh. Anvers",
        "lc": "Arbrb. Anvers",
        "pc": "Pol. Anvers",
        "cfi": "Rb. Anvers",
        "pres": "Voorz. Anvers",
        "corrc": "Corr. Anvers",
        "famc": "Famrb. Anvers",
        "juvc": "Jeugdrb. Anvers",
        "br": "Beslagr. Anvers",
        "sentc": "Surb. Anvers",
        "cc": "Kh. Anvers",
        "dc": "Vred. Anvers"
      }
    },
    "be:antwerpen:antwerpen": {
      "institution-part": {
        "coass": "Assisen Anvers",
        "lca": "Arbh. Anvers",
        "dc": "Vred. Anvers"
      }
    },
    "be:antwerpen:antwerpen:arendonk": {
      "institution-part": {
        "dc": "Vred. Arendonk"
      }
    },
    "be:antwerpen:antwerpen:boom": {
      "institution-part": {
        "dc": "Vred. Boom"
      }
    },
    "be:antwerpen:antwerpen:brasschaat": {
      "institution-part": {
        "dc": "Vred. Brasschaat"
      }
    },
    "be:antwerpen:antwerpen:geel": {
      "institution-part": {
        "dc": "Vred. Geel"
      }
    },
    "be:antwerpen:antwerpen:heist.op.den.berg": {
      "institution-part": {
        "dc": "Vred. Heist-op-den-Berg"
      }
    },
    "be:antwerpen:antwerpen:herentals": {
      "institution-part": {
        "dc": "Vred. Herentals"
      }
    },
    "be:antwerpen:antwerpen:hoogstraten": {
      "institution-part": {
        "dc": "Vred. Hoogstraten"
      }
    },
    "be:antwerpen:antwerpen:kapellen": {
      "institution-part": {
        "dc": "Vred. Kapellen"
      }
    },
    "be:antwerpen:antwerpen:kontich": {
      "institution-part": {
        "dc": "Vred. Kontich"
      }
    },
    "be:antwerpen:antwerpen:lier": {
      "institution-part": {
        "dc": "Vred. Lierre"
      }
    },
    "be:antwerpen:antwerpen:mechelen": {
      "institution-part": {
        "lc": "Arbrb. Malines",
        "pc": "Pol. Malines",
        "cfi": "Rb. Malines",
        "pres": "Voorz. Malines",
        "corrc": "Corr. Malines",
        "famc": "Famrb. Malines",
        "juvc": "Jeugdrb. Malines",
        "br": "Beslagr. Malines",
        "sentc": "Surb. Malines",
        "cc": "Kh. Malines",
        "dc": "Vred. Malines"
      }
    },
    "be:antwerpen:antwerpen:mol": {
      "institution-part": {
        "dc": "Vred. Mol"
      }
    },
    "be:antwerpen:antwerpen:schilde": {
      "institution-part": {
        "dc": "Vred. Schilde"
      }
    },
    "be:antwerpen:antwerpen:turnhout": {
      "institution-part": {
        "lc": "Arbrb. Turnhout",
        "pc": "Pol. Turnhout",
        "cfi": "Rb. Turnhout",
        "pres": "Voorz. Turnhout",
        "corrc": "Corr. Turnhout",
        "famc": "Famrb. Turnhout",
        "juvc": "Jeugdrb. Turnhout",
        "br": "Beslagr. Turnhout",
        "sentc": "Surb. Turnhout",
        "cc": "Kh. Turnhout",
        "dc": "Vred. Turnhout"
      }
    },
    "be:antwerpen:antwerpen:westerlo": {
      "institution-part": {
        "dc": "Vred. Westerlo"
      }
    },
    "be:antwerpen:antwerpen:willebroek": {
      "institution-part": {
        "dc": "Vred. Willebroek"
      }
    },
    "be:antwerpen:antwerpen:zandhoven": {
      "institution-part": {
        "dc": "Vred. Zandhoven"
      }
    },
    "be:antwerpen:limburg:": {
      "institution-part": {
        "coass": "Assisen Limburg",
        "pc": "Pol. Limburg",
        "dc": "Vred. Limburg"
      }
    },
    "be:antwerpen:limburg:beringen": {
      "institution-part": {
        "pc": "Pol. Beringen",
        "dc": "Vred. Beringen"
      }
    },
    "be:antwerpen:limburg:bilzen": {
      "institution-part": {
        "dc": "Vred. Bilzen"
      }
    },
    "be:antwerpen:limburg:borgloon": {
      "institution-part": {
        "dc": "Vred. Looz"
      }
    },
    "be:antwerpen:limburg:bree": {
      "institution-part": {
        "dc": "Vred. Bree"
      }
    },
    "be:antwerpen:limburg:genk": {
      "institution-part": {
        "pc": "Pol. Genk",
        "dc": "Vred. Genk"
      }
    },
    "be:antwerpen:limburg:hasselt": {
      "institution-part": {
        "lca": "Arbh. Hasselt",
        "pc": "Pol. Hasselt",
        "cfi": "Rb. Hasselt",
        "pres": "Voorz. Hasselt",
        "corrc": "Corr. Hasselt",
        "famc": "Famrb. Hasselt",
        "juvc": "Jeugdrb. Hasselt",
        "br": "Beslagr. Hasselt",
        "sentc": "Surb. Hasselt",
        "dc": "Vred. Hasselt"
      }
    },
    "be:antwerpen:limburg:houthalen.helchteren": {
      "institution-part": {
        "dc": "Vred. Houthalen-Helchteren"
      }
    },
    "be:antwerpen:limburg:limburg.aubel": {
      "institution-part": {
        "dc": "Vred. Limburg-Aubel"
      }
    },
    "be:antwerpen:limburg:maaseik": {
      "institution-part": {
        "dc": "Vred. Maaseik",
        "pc": "Pol. Maaseik"
      }
    },
    "be:antwerpen:limburg:maasmechelen": {
      "institution-part": {
        "dc": "Vred. Maasmechelen"
      }
    },
    "be:antwerpen:limburg:neerpelt.lommel": {
      "institution-part": {
        "dc": "Vred. Neerpelt-Lommel"
      }
    },
    "be:antwerpen:limburg:sint.truiden": {
      "institution-part": {
        "pc": "Pol. Sint-Truiden",
        "dc": "Vred. Sint-Truiden"
      }
    },
    "be:antwerpen:limburg:tongeren": {
      "institution-part": {
        "pc": "Pol. Tongres",
        "cfi": "Rb. Tongres",
        "pres": "Voorz. Tongres",
        "corrc": "Corr. Tongres",
        "famc": "Famrb. Tongres",
        "juvc": "Jeugdrb. Tongres",
        "br": "Beslagr. Tongres",
        "sentc": "Surb. Tongres",
        "lc": "Arbrb. Tongres",
        "cc": "Kh. Tongres"
      }
    },
    "be:antwerpen:limburg:tongeren.voeren": {
      "institution-part": {
        "dc": "Vred. Tongres-Fourons"
      }
    },
    "be:bergen": {
      "institution-part": {
        "lca": "Arbh. Mons",
        "dc": "Vred. Mons"
      }
    },
    "be:bergen:henegouwen": {
      "institution-part": {
        "coass": "Assisen Hainault"
      }
    },
    "be:bergen:henegouwen:aat.lessen": {
      "institution-part": {
        "dc": "Vred. Aat-Lessen"
      }
    },
    "be:bergen:henegouwen:bergen": {
      "institution-part": {
        "pc": "Pol. Mons",
        "cfi": "Rb. Mons",
        "pres": "Voorz. Mons",
        "corrc": "Corr. Mons",
        "famc": "Famrb. Mons",
        "juvc": "Jeugdrb. Mons",
        "br": "Beslagr. Mons",
        "sentc": "Surb. Mons",
        "cc": "Kh. Mons"
      }
    },
    "be:bergen:henegouwen:beaumont.chimay.merbes.le.chateau": {
      "institution-part": {
        "dc": "Vred. Beaumont-Chimay-Merbes-le-Château"
      }
    },
    "be:bergen:henegouwen:binche": {
      "institution-part": {
        "lc": "Arbrb. Binche",
        "dc": "Vred. Binche"
      }
    },
    "be:bergen:henegouwen:boussu": {
      "institution-part": {
        "dc": "Vred. Boussu"
      }
    },
    "be:bergen:henegouwen:chatelet": {
      "institution-part": {
        "dc": "Vred. Châtelet"
      }
    },
    "be:bergen:henegouwen:charleroi": {
      "institution-part": {
        "lc": "Arbrb. Charleroi",
        "pc": "Pol. Charleroi",
        "cfi": "Rb. Charleroi",
        "pres": "Voorz. Charleroi",
        "corrc": "Corr. Charleroi",
        "famc": "Famrb. Charleroi",
        "juvc": "Jeugdrb. Charleroi",
        "br": "Beslagr. Charleroi",
        "sentc": "Surb. Charleroi",
        "cc": "Kh. Charleroi",
        "dc": "Vred. Charleroi"
      }
    },
    "be:bergen:henegouwen:doornik": {
      "institution-part": {
        "lc": "Arbrb. Tournai",
        "pc": "Pol. Tournai",
        "cfi": "Rb. Tournai",
        "pres": "Voorz. Tournai",
        "corrc": "Corr. Tournai",
        "famc": "Famrb. Tournai",
        "juvc": "Jeugdrb. Tournai",
        "br": "Beslagr. Tournai",
        "sentc": "Surb. Tournai",
        "cc": "Kh. Tournai",
        "dc": "Vred. Tournai"
      }
    },
    "be:bergen:henegouwen:dour.colfontaine": {
      "institution-part": {
        "dc": "Vred. Dour-Colfontaine"
      }
    },
    "be:bergen:henegouwen:enghien.lens": {
      "institution-part": {
        "dc": "Vred. Enghien-Lens"
      }
    },
    "be:bergen:henegouwen:fontaine.l.eveque": {
      "institution-part": {
        "lc": "Arbrb. Fontaine-l'Evêque",
        "dc": "Vred. Fontaine-l'Evêque"
      }
    },
    "be:bergen:henegouwen:la.louvière": {
      "institution-part": {
        "dc": "Vred. La Louvière"
      }
    },
    "be:bergen:henegouwen:moeskroen": {
      "institution-part": {
        "lc": "Arbrb. Mouscron"
      }
    },
    "be:bergen:henegouwen:moeskroen.komen.waasten": {
      "institution-part": {
        "dc": "Vred. Mouscron-Comines-Warneton"
      }
    },
    "be:bergen:henegouwen:peruwelz.leuze.en.hainaut": {
      "institution-part": {
        "dc": "Vred. Péruwelz-Leuze en Hainaut"
      }
    },
    "be:bergen:henegouwen:seneffe": {
      "institution-part": {
        "dc": "Vred. Seneffe"
      }
    },
    "be:bergen:henegouwen:thuin": {
      "institution-part": {
        "dc": "Vred. Thuin"
      }
    },
    "be:bergen:henegouwen:zinnik": {
      "institution-part": {
        "dc": "Vred. Soignies"
      }
    },
    "be:brussel": {
      "institution-part": {
        "coass": "Assisen Bruxelles",
        "lca": "Arbh. Bruxelles",
        "lc.fr": "Arbrb. Brussel (Fr.) Bruxelles",
        "lc.nl": "Arbrb. Brussel (Nl.) Bruxelles",
        "pc.fr": "Pol. Brussel (Fr.) Bruxelles",
        "pc.nl": "Pol. Brussel (Nl.) Bruxelles",
        "cc.fr": "Kh. Brussel (Fr.) Bruxelles",
        "cc.nl": "Kh. Brussel (Nl.) Bruxelles",
        "dc": "Vred. Bruxelles"
      }
    },
    "be:brussel:brussel": {
      "institution-part": {
        "dc": "Vred. Bruxelles"
      }
    },
    "be:brussel:brussel:anderlecht": {
      "institution-part": {
        "dc": "Vred. Anderlecht"
      }
    },
    "be:brussel:brussel:elsene": {
      "institution-part": {
        "dc": "Vred. Elsene"
      }
    },
    "be:brussel:brussel:etterbeek": {
      "institution-part": {
        "dc": "Vred. Etterbeek"
      }
    },
    "be:brussel:brussel:jette": {
      "institution-part": {
        "dc": "Vred. Jette"
      }
    },
    "be:brussel:brussel:ouderghem": {
      "institution-part": {
        "dc": "Vred. Auderghem"
      }
    },
    "be:brussel:brussel:schaarbeek": {
      "institution-part": {
        "dc": "Vred. Schaarbeek"
      }
    },
    "be:brussel:brussel:sint.gillis": {
      "institution-part": {
        "dc": "Vred. Sint-Gillis"
      }
    },
    "be:brussel:brussel:sint.jans.molenbeek": {
      "institution-part": {
        "dc": "Vred. Molenbeek-Saint-Jean"
      }
    },
    "be:brussel:brussel:sint.joost.ten.node": {
      "institution-part": {
        "dc": "Vred. Saint-Josse-ten-Noode"
      }
    },
    "be:brussel:brussel:sint.pieters.woluwe": {
      "institution-part": {
        "dc": "Vred. Woluwe-Saint-Pierre"
      }
    },
    "be:brussel:brussel:ukkel": {
      "institution-part": {
        "dc": "Vred. Uccle"
      }
    },
    "be:brussel:brussel:vorst": {
      "institution-part": {
        "dc": "Vred. Forest"
      }
    },
    "be:brussel:vlaams.brabant": {
      "institution-part": {
        "coass": "Assisen Asse"
      }
    },
    "be:brussel:vlaams.brabant:asse": {
      "institution-part": {
        "dc": "Vred. Asse"
      }
    },
    "be:brussel:vlaams.brabant:aarschot": {
      "institution-part": {
        "dc": "Vred. Aarschot"
      }
    },
    "be:brussel:vlaams.brabant:diest": {
      "institution-part": {
        "dc": "Vred. Diest"
      }
    },
    "be:brussel:vlaams.brabant:grimbergen": {
      "institution-part": {
        "dc": "Vred. Grimbergen"
      }
    },
    "be:brussel:vlaams.brabant:halle": {
      "institution-part": {
        "pc": "Pol. Hal",
        "dc": "Vred. Hal"
      }
    },
    "be:brussel:vlaams.brabant:haacht": {
      "institution-part": {
        "dc": "Vred. Haacht"
      }
    },
    "be:brussel:vlaams.brabant:herne.sint.pieters.leeuw": {
      "institution-part": {
        "dc": "Vred. Herne-Sint-Pieters-Leeuw"
      }
    },
    "be:brussel:vlaams.brabant:kraainem.sint.genesius.rode": {
      "institution-part": {
        "dc": "Vred. Kraainem-Sint-Genesius-Rode"
      }
    },
    "be:brussel:vlaams.brabant:landen.zoutleeuw": {
      "institution-part": {
        "dc": "Vred. Landen-Zoutleeuw"
      }
    },
    "be:brussel:vlaams.brabant:lennik": {
      "institution-part": {
        "dc": "Vred. Lennik"
      }
    },
    "be:brussel:vlaams.brabant:leuven": {
      "institution-part": {
        "lc": "Arbrb. Louvain",
        "pc": "Pol. Louvain",
        "cfi": "Rb. Louvain",
        "pres": "Voorz. Louvain",
        "corrc": "Corr. Louvain",
        "famc": "Famrb. Louvain",
        "juvc": "Jeugdrb. Louvain",
        "br": "Beslagr. Louvain",
        "sentc": "Surb. Louvain",
        "cc": "Kh. Louvain",
        "dc": "Vred. Louvain"
      }
    },
    "be:brussel:vlaams.brabant:meise": {
      "institution-part": {
        "dc": "Vred. Meise"
      }
    },
    "be:brussel:vlaams.brabant:overijse.zaventem": {
      "institution-part": {
        "dc": "Vred. Isque-Zaventem"
      }
    },
    "be:brussel:vlaams.brabant:tienen": {
      "institution-part": {
        "dc": "Vred. Tirlemont"
      }
    },
    "be:brussel:vlaams.brabant:vilvoorde": {
      "institution-part": {
        "pc": "Pol. Vilvorde",
        "dc": "Vred. Vilvorde"
      }
    },
    "be:brussel:waals.brabant": {
      "institution-part": {
        "coass": "Assisen Waals-Brabant",
        "cfi": "Rb. Waals-Brabant"
      }
    },
    "be:brussel:waals.brabant:geldenaken.perwijs": {
      "institution-part": {
        "dc": "Vred. Geldenaken-Perwijs"
      }
    },
    "be:brussel:waals.brabant:nijvel": {
      "institution-part": {
        "lc": "Arbrb. Nivelles",
        "pc": "Pol. Nivelles",
        "cc": "Kh. Nivelles",
        "dc": "Vred. Nivelles"
      }
    },
    "be:brussel:waals.brabant:waver": {
      "institution-part": {
        "lc": "Arbrb. Wavre",
        "pc": "Pol. Wavre",
        "dc": "Vred. Wavre"
      }
    },
    "be:brussel:waals.brabant:eigenbrakel": {
      "institution-part": {
        "dc": "Vred. Eigenbrakel"
      }
    },
    "be:brussel:waals.brabant:tubeke": {
      "institution-part": {
        "dc": "Vred. Tubize"
      }
    },
    "be:gent": {
      "institution-part": {
        "ca": "Court of Appeal Gand"
      }
    },
    "be:gent:oost.vlaanderen": {
      "institution-part": {
        "coass": "Assisen Gand",
        "ca": "Court of Appeal Gand"
      }
    },
    "be:gent:oost.vlaanderen:aalst": {
      "institution-part": {
        "lc": "Arbrb. Aalst",
        "pc": "Pol. Aalst",
        "dc": "Vred. Aalst"
      }
    },
    "be:gent:oost.vlaanderen:beveren": {
      "institution-part": {
        "dc": "Vred. Beveren"
      }
    },
    "be:gent:oost.vlaanderen:dendermonde": {
      "institution-part": {
        "pc": "Pol. Termonde",
        "cfi": "Rb. Termonde",
        "pres": "Voorz. Termonde",
        "corrc": "Corr. Termonde",
        "famc": "Famrb. Termonde",
        "juvc": "Jeugdrb. Termonde",
        "br": "Beslagr. Termonde",
        "sentc": "Surb. Termonde",
        "lc": "Arbrb. Termonde",
        "cc": "Kh. Termonde"
      }
    },
    "be:gent:oost.vlaanderen:deinze": {
      "institution-part": {
        "dc": "Vred. Deinze"
      }
    },
    "be:gent:oost.vlaanderen:dendermonde.hamme": {
      "institution-part": {
        "dc": "Vred. Termonde-Hamme"
      }
    },
    "be:gent:oost.vlaanderen:eeklo": {
      "institution-part": {
        "dc": "Vred. Eeklo"
      }
    },
    "be:gent:oost.vlaanderen:gent": {
      "institution-part": {
        "lca": "Arbh. Gand",
        "lc": "Arbrb. Gand",
        "cc": "Kh. Gand",
        "dc": "Vred. Gand",
        "pc": "Pol. Gand",
        "cfi": "Rb. Gand"
      }
    },
    "be:gent:oost.vlaanderen:geraardsbergen.brakel": {
      "institution-part": {
        "dc": "Vred. Geraardsbergen-Brakel"
      }
    },
    "be:gent:oost.vlaanderen:lokeren": {
      "institution-part": {
        "dc": "Vred. Lokeren"
      }
    },
    "be:gent:oost.vlaanderen:merelbeke": {
      "institution-part": {
        "dc": "Vred. Merelbeke"
      }
    },
    "be:gent:oost.vlaanderen:ninove": {
      "institution-part": {
        "dc": "Vred. Ninove"
      }
    },
    "be:gent:oost.vlaanderen:oudenaarde.kruishoutem": {
      "institution-part": {
        "dc": "Vred. Audenarde-Kruishoutem"
      }
    },
    "be:gent:oost.vlaanderen:oudenaarde": {
      "institution-part": {
        "lc": "Arbrb. Audenarde",
        "cc": "Kh. Audenarde",
        "pc": "Pol. Audenarde",
        "cfi": "Rb. Audenarde"
      }
    },
    "be:gent:oost.vlaanderen:ronse": {
      "institution-part": {
        "dc": "Vred. Renaix"
      }
    },
    "be:gent:oost.vlaanderen:sint.niklaas": {
      "institution-part": {
        "pc": "Pol. Saint-Nicolas",
        "lc": "Arbrb. Saint-Nicolas",
        "dc": "Vred. Saint-Nicolas"
      }
    },
    "be:gent:oost.vlaanderen:wetteren.zele": {
      "institution-part": {
        "dc": "Vred. Wetteren-Zele"
      }
    },
    "be:gent:oost.vlaanderen:zelzate": {
      "institution-part": {
        "dc": "Vred. Zelzate"
      }
    },
    "be:gent:oost.vlaanderen:zomergem": {
      "institution-part": {
        "dc": "Vred. Zomergem"
      }
    },
    "be:gent:oost.vlaanderen:zottegem.herzele": {
      "institution-part": {
        "dc": "Vred. Zottegem-Herzele"
      }
    },
    "be:gent:west.vlaanderen": {
      "institution-part": {
        "coass": "Assisen Gand",
        "ca": "Court of Appeal Gand"
      }
    },
    "be:gent:west.vlaanderen:brugge": {
      "institution-part": {
        "lca": "Arbh. Bruges",
        "lc": "Arbrb. Bruges",
        "cc": "Kh. Bruges",
        "dc": "Vred. Bruges",
        "pc": "Pol. Bruges",
        "cfi": "Rb. Bruges"
      }
    },
    "be:gent:west.vlaanderen:diksmuide": {
      "institution-part": {
        "dc": "Vred. Dixmude"
      }
    },
    "be:gent:west.vlaanderen:ieper": {
      "institution-part": {
        "lc": "Arbrb. Ypres",
        "cc": "Kh. Ypres",
        "dc": "Vred. Ypres",
        "pc": "Pol. Ypres",
        "cfi": "Rb. Ypres"
      }
    },
    "be:gent:west.vlaanderen:harelbeke": {
      "institution-part": {
        "dc": "Vred. Harelbeke"
      }
    },
    "be:gent:west.vlaanderen:ieper.poperinge": {
      "institution-part": {
        "dc": "Vred. Ieper-Poperinge"
      }
    },
    "be:gent:west.vlaanderen:izegem": {
      "institution-part": {
        "dc": "Vred. Izegem"
      }
    },
    "be:gent:west.vlaanderen:kortrijk": {
      "institution-part": {
        "lc": "Arbrb. Courtrai",
        "cc": "Kh. Courtrai",
        "pc": "Pol. Courtrai",
        "cfi": "Rb. Courtrai",
        "pres": "Voorz. Courtrai",
        "corrc": "Corr. Courtrai",
        "famc": "Famrb. Courtrai",
        "juvc": "Jeugdrb. Courtrai",
        "br": "Beslagr. Courtrai",
        "sentc": "Surb. Courtrai",
        "dc": "Vred. Courtrai"
      }
    },
    "be:gent:west.vlaanderen:menen": {
      "institution-part": {
        "dc": "Vred. Menin"
      }
    },
    "be:gent:west.vlaanderen:oostende": {
      "institution-part": {
        "dc": "Vred. Ostende"
      }
    },
    "be:gent:west.vlaanderen:roeselare": {
      "institution-part": {
        "lc": "Arbrb. Roulers",
        "dc": "Vred. Roulers"
      }
    },
    "be:gent:west.vlaanderen:tielt": {
      "institution-part": {
        "dc": "Vred. Tielt"
      }
    },
    "be:gent:west.vlaanderen:torhout": {
      "institution-part": {
        "dc": "Vred. Torhout"
      }
    },
    "be:gent:west.vlaanderen:veurne.nieuwpoort": {
      "institution-part": {
        "dc": "Vred. Veurne-Nieuwpoort"
      }
    },
    "be:gent:west.vlaanderen:veurne": {
      "institution-part": {
        "pc": "Pol. Veurne",
        "cfi": "Rb. Veurne",
        "pres": "Voorz. Veurne",
        "corrc": "Corr. Veurne",
        "famc": "Famrb. Veurne",
        "juvc": "Jeugdrb. Veurne",
        "br": "Beslagr. Veurne",
        "sentc": "Surb. Veurne",
        "lc": "Arbrb. Veurne",
        "cc": "Kh. Veurne"
      }
    },
    "be:gent:west.vlaanderen:waregem": {
      "institution-part": {
        "dc": "Vred. Waregem"
      }
    },
    "be:gent:west.vlaanderen:wervik": {
      "institution-part": {
        "dc": "Vred. Wervik"
      }
    },
    "be:luik": {
      "institution-part": {
        "ca": "Court of Appeal Liège"
      }
    },
    "be:luik:luik": {
      "institution-part": {
        "coass": "Assisen Liège",
        "lca": "Arbh. Liège",
        "lc": "Arbrb. Liège",
        "pc": "Pol. Liège",
        "cfi": "Rb. Liège",
        "pres": "Voorz. Liège",
        "corrc": "Corr. Liège",
        "famc": "Famrb. Liège",
        "juvc": "Jeugdrb. Liège",
        "br": "Beslagr. Liège",
        "sentc": "Surb. Liège",
        "cc": "Kh. Liège",
        "dc": "Vred. Liège"
      }
    },
    "be:luik:luik:borgworm": {
      "institution-part": {
        "dc": "Vred. Waremme"
      }
    },
    "be:luik:luik:eupen": {
      "institution-part": {
        "lc": "Arbrb. Néau 'D'",
        "pc": "Pol. Néau 'D'",
        "cfi": "Rb. Néau 'D'",
        "pres": "Voorz. Néau 'D'",
        "corrc": "Corr. Néau 'D'",
        "famc": "Famrb. Néau 'D'",
        "juvc": "Jeugdrb. Néau 'D'",
        "br": "Beslagr. Néau 'D'",
        "sentc": "Surb. Néau 'D'",
        "cc": "Kh. Néau 'D'",
        "dc": "Vred. Néau 'D'"
      }
    },
    "be:luik:luik:fleron": {
      "institution-part": {
        "dc": "Vred. Fléron"
      }
    },
    "be:luik:luik:hoei": {
      "institution-part": {
        "lc": "Arbrb. Huy",
        "pc": "Pol. Huy",
        "cfi": "Rb. Huy",
        "pres": "Voorz. Huy",
        "corrc": "Corr. Huy",
        "famc": "Famrb. Huy",
        "juvc": "Jeugdrb. Huy",
        "br": "Beslagr. Huy",
        "sentc": "Surb. Huy",
        "cc": "Kh. Huy",
        "dc": "Vred. Huy"
      }
    },
    "be:luik:luik:eupen:sankt.vith": {
      "institution-part": {
        "pc": "Pol. Sankt-Vith",
        "dc": "Vred. Sankt-Vith"
      }
    },
    "be:luik:luik:grace.hollogne": {
      "institution-part": {
        "dc": "Vred. Grâce-Hollogne"
      }
    },
    "be:luik:luik:hamoir": {
      "institution-part": {
        "dc": "Vred. Hamoir"
      }
    },
    "be:luik:luik:herstal": {
      "institution-part": {
        "dc": "Vred. Herstal"
      }
    },
    "be:luik:luik:hoei.hannuit": {
      "institution-part": {
        "dc": "Vred. Huy-Hannuit"
      }
    },
    "be:luik:luik:malmedy.spa.stavelot": {
      "institution-part": {
        "dc": "Vred. Malmédy-Spa-Stavelot"
      }
    },
    "be:luik:luik:saint.nicolas.lez.liege": {
      "institution-part": {
        "dc": "Vred. Saint-Nicolas-lez-Liège"
      }
    },
    "be:luik:luik:seraing": {
      "institution-part": {
        "dc": "Vred. Seraing"
      }
    },
    "be:luik:luik:sprimont": {
      "institution-part": {
        "dc": "Vred. Sprimont"
      }
    },
    "be:luik:luik:verviers": {
      "institution-part": {
        "lc": "Arbrb. Verviers",
        "pc": "Pol. Verviers",
        "cfi": "Rb. Verviers",
        "pres": "Voorz. Verviers",
        "corrc": "Corr. Verviers",
        "famc": "Famrb. Verviers",
        "juvc": "Jeugdrb. Verviers",
        "br": "Beslagr. Verviers",
        "sentc": "Surb. Verviers",
        "cc": "Kh. Verviers",
        "dc": "Vred. Verviers"
      }
    },
    "be:luik:luik:wezet": {
      "institution-part": {
        "dc": "Vred. Visé"
      }
    },
    "be:luik:luxumburg": {
      "institution-part": {
        "coass": "Assisen Luxumbourg",
        "lca": "Arbh. Luxumbourg",
        "lc": "Arbrb. Luxumbourg"
      }
    },
    "be:luik:luxumburg:aarlen": {
      "institution-part": {
        "lc": "Arbrb. Arlon",
        "cc": "Kh. Arlon",
        "pc": "Pol. Arlon",
        "cfi": "Rb. Arlon"
      }
    },
    "be:luik:luxumburg:aarlen.messancy": {
      "institution-part": {
        "dc": "Vred. Aarlen-Messancy"
      }
    },
    "be:luik:luxumburg:bastenaken.neufchateau": {
      "institution-part": {
        "dc": "Vred. Bastenaken-Neufchâteau"
      }
    },
    "be:luik:luxumburg:marche.en.famenne": {
      "institution-part": {
        "lc": "Arbrb. Marche-en-Famenne",
        "pc": "Pol. Marche-en-Famenne",
        "cfi": "Rb. Marche-en-Famenne",
        "pres": "Voorz. Marche-en-Famenne",
        "corrc": "Corr. Marche-en-Famenne",
        "famc": "Famrb. Marche-en-Famenne",
        "juvc": "Jeugdrb. Marche-en-Famenne",
        "br": "Beslagr. Marche-en-Famenne",
        "sentc": "Surb. Marche-en-Famenne",
        "cc": "Kh. Marche-en-Famenne"
      }
    },
    "be:luik:luxumburg:marche.en.famenne.durbuy": {
      "institution-part": {
        "dc": "Vred. Marche-en-Famenne-Durbuy"
      }
    },
    "be:luik:luxumburg:neufchateau": {
      "institution-part": {
        "lca": "Arbh. Neufchâteau",
        "lc": "Arbrb. Neufchâteau",
        "cc": "Kh. Neufchâteau",
        "pc": "Pol. Neufchâteau",
        "cfi": "Rb. Neufchâteau"
      }
    },
    "be:luik:luxumburg:saint.hubert.bouillon.paliseul": {
      "institution-part": {
        "dc": "Vred. Saint-Hubert-Bouillon-Paliseul"
      }
    },
    "be:luik:luxumburg:vielsalm.la roche.en.ardenne.houffalize": {
      "institution-part": {
        "dc": "Vred. Vielsalm-La Roche en Ardenne-Houffalize"
      }
    },
    "be:luik:luxumburg:virton.florenville.etalle": {
      "institution-part": {
        "dc": "Vred. Virton-Florenville-Etalle"
      }
    },
    "be:luik:namen": {
      "institution-part": {
        "coass": "Assisen Namur",
        "lca": "Arbh. Namur",
        "lc": "Arbrb. Namur"
      }
    },
    "be:luik:namen:andenne": {
      "institution-part": {
        "dc": "Vred. Andenne"
      }
    },
    "be:luik:namen:beauraing.dinant.gedinne": {
      "institution-part": {
        "dc": "Vred. Beauraing-Dinant-Gedinne"
      }
    },
    "be:luik:namen:ciney.rochefort": {
      "institution-part": {
        "dc": "Vred. Ciney-Rochefort"
      }
    },
    "be:luik:namen:dinant": {
      "institution-part": {
        "lc": "Arbrb. Dinant",
        "pc": "Pol. Dinant",
        "cfi": "Rb. Dinant",
        "pres": "Voorz. Dinant",
        "corrc": "Corr. Dinant",
        "famc": "Famrb. Dinant",
        "juvc": "Jeugdrb. Dinant",
        "br": "Beslagr. Dinant",
        "sentc": "Surb. Dinant",
        "cc": "Kh. Dinant"
      }
    },
    "be:luik:namen:fosses.la.ville": {
      "institution-part": {
        "dc": "Vred. Fosses-la-Ville"
      }
    },
    "be:luik:namen:gembloux.eghezee": {
      "institution-part": {
        "dc": "Vred. Gembloux-Eghezée"
      }
    },
    "be:luik:namen:namen": {
      "institution-part": {
        "pc": "Pol. Namur",
        "cfi": "Rb. Namur",
        "pres": "Voorz. Namur",
        "corrc": "Corr. Namur",
        "famc": "Famrb. Namur",
        "juvc": "Jeugdrb. Namur",
        "br": "Beslagr. Namur",
        "sentc": "Surb. Namur",
        "dc": "Vred. Namur"
      }
    },
    "be:luik:namen:philippeville.couvin": {
      "institution-part": {
        "dc": "Vred. Philippeville-Couvin"
      }
    },
    "be:luik:namen:walcourt.florennes": {
      "institution-part": {
        "dc": "Vred. Walcourt-Florennes"
      }
    }
  }
}